id,first_name,middle_name,last_name,gender,email,job_title
4,Joscelin,Valeria,Jannequin,Female,,Web Designer IV
11,Rabi,,MacPike,Male,,Food Chemist
24,Claiborn,Cosme,Larret,Male,,Graphic Designer
41,Ozzy,,Stammler,Male,,Design Engineer
47,Helsa,,Brookbank,Female,,Media Manager II
54,Kristofer,Grant,De Angelis,Male,,Business Systems Development Analyst
56,Merwin,Maximilian,Curlis,Male,,GIS Technical Architect
61,Nerta,Donna,Clausen-Thue,Female,,Nuclear Power Engineer
62,Terrill,,Treleaven,Male,,Editor
73,Alica,Lynelle,MacTrustram,Female,,Chemical Engineer
74,Mella,Marybelle,Ciubutaro,Female,,Registered Nurse
79,Augustine,Marcus,Cleal,Male,,Engineer I
85,Janie,,Bernade,Female,,Research Nurse
88,Staffard,,Sarra,Male,,Financial Analyst
90,Kelbee,Neal,Houdmont,Male,,Speech Pathologist
94,Melisenda,Celestine,Pettengell,Female,,Professor
95,Kathleen,Cherida,Readman,Female,,Structural Engineer
100,Morganne,Tabitha,Martyntsev,Female,,Senior Editor
103,Zane,Tobias,Johanning,Male,,Engineer IV
106,Ram,Lisle,Mabbutt,Male,,Senior Editor
108,Genia,Darbie,Kinastan,Female,,Desktop Support Technician
116,Arnaldo,,Dullaghan,Male,,Analyst Programmer
119,Van,,Rabjohns,Female,,Civil Engineer
121,Cherianne,,Mazzeo,Female,,Associate Professor
122,Mace,,Sirkett,Male,,Electrical Engineer
125,Caressa,,Dance,Female,,Web Designer IV
126,Friederike,Saba,Addy,Female,,VP Marketing
139,Rafferty,Wainwright,Cushion,Male,,Cost Accountant
153,Rudyard,,Vaudre,Male,,Director of Sales
156,Chloette,,Acheson,Female,,Senior Developer
170,Hadlee,Gerome,Halegarth,Male,,VP Marketing
174,Hillary,Zared,Arkell,Male,,Structural Analysis Engineer
193,Ilse,Maryjo,Ruddle,Female,,Human Resources Assistant III
204,Zea,Luelle,Kupke,Female,,GIS Technical Architect
217,Bettina,Camellia,Wistance,Female,,Software Engineer II
219,Pat,Lonnard,McGettrick,Male,,Design Engineer
221,Yetty,,McEwan,Female,,Cost Accountant
224,Rickert,,Cutteridge,Male,,Staff Accountant II
228,Tiffi,Libbie,Bonnick,Female,,Senior Quality Engineer
229,Adelaida,Tammie,Howett,Female,,Electrical Engineer
237,Gwynne,,Bucksey,Female,,Geological Engineer
240,Katuscha,,L'Episcopi,Female,,Marketing Assistant
244,Tillie,Nerita,Farryan,Female,,Help Desk Technician
249,Karlen,Tersina,Lynds,Female,,Sales Associate
251,Clemmy,Anton,Seary,Male,,Structural Analysis Engineer
252,Joey,,Loughney,Male,,Chemical Engineer
254,Levi,,Chapling,Male,,Software Engineer IV
261,Minnie,,Willoughby,Female,,Senior Cost Accountant
264,Job,Torey,Baress,Male,,Analog Circuit Design manager
268,Berti,,Hamel,Male,,Geologist IV
272,Avictor,,Bradforth,Male,,Occupational Therapist
283,Ferdinande,Dulcy,Hutchcraft,Female,,Administrative Officer
284,Corrianne,,Blowfield,Female,,Teacher
290,Garrard,Andreas,Patis,Male,,Occupational Therapist
293,Janie,Bree,Goodlad,Female,,Geologist I
310,Rupert,,Janecek,Male,,Financial Advisor
323,Janette,,Dawidowsky,Female,,Chief Design Engineer
326,Angelique,,Fink,Female,,Recruiter
327,Aurthur,Timoteo,Basini-Gazzi,Male,,Associate Professor
331,Osbourne,,Sevier,Male,,Biostatistician I
353,Pauly,,Scaice,Male,,Financial Advisor
354,Dede,Bliss,Gulleford,Female,,Desktop Support Technician
355,Benjamin,,Desorts,Male,,Senior Quality Engineer
365,Silvio,Galvin,MacRitchie,Male,,Administrative Officer
393,croy,,Pellingar,Male,,Librarian
394,Ransell,Tamas,Cuxson,Male,,Senior Sales Associate
397,Jemimah,,Gillion,Female,,Registered Nurse
399,Denni,,Whaley,Female,,Research Associate
403,Sela,Cathrin,Dodds,Female,,Engineer IV
408,Milton,Templeton,Plaunch,Male,,Senior Financial Analyst
413,Susi,Lauree,Bowfin,Female,,Analyst Programmer
417,Davie,Irvin,Zotto,Male,,Chief Design Engineer
419,Wylie,,Wiggett,Male,,Research Assistant II
432,Kendell,Odo,Egre,Male,,Help Desk Technician
436,Aldrich,Hyman,Crosi,Male,,General Manager
440,Walton,Emlen,Venturoli,Male,,Electrical Engineer
448,Tonia,,Lucks,Female,,Environmental Tech
451,Charlie,Augusto,MacKibbon,Male,,Tax Accountant
453,Levi,Ford,Gotcliff,Male,,Budget/Accounting Analyst IV
458,Nikki,,Hatley,Male,,Electrical Engineer
462,Brinn,,Robillart,Female,,Speech Pathologist
468,Sibylle,Zonnya,Laguerre,Female,,Professor
469,Krystyna,,Crutchfield,Female,,General Manager
472,Carin,,Arnowitz,Female,,Community Outreach Specialist
477,Allin,,Bernolet,Male,,Staff Scientist
482,Nealon,Gaylor,Kerwin,Male,,Computer Systems Analyst IV
487,Ricard,Bondy,Coulthard,Male,,Dental Hygienist
502,Sergio,,Skarin,Male,,Associate Professor
506,Berkly,,Glauber,Male,,Internal Auditor
513,Kelley,Alanson,Siggery,Male,,Teacher
520,Roxine,,Bedborough,Female,,Web Developer IV
527,Marlene,,Linke,Female,,Sales Associate
545,Robinetta,Cecile,Badham,Female,,Software csultant
547,Howey,Dud,Harsant,Male,,Staff Accountant III
548,Sue,,Pibsworth,Female,,Graphic Designer
557,Herman,,Spata,Male,,Marketing Assistant
561,Llewellyn,,Busk,Male,,Web Designer II
567,Rosabella,Myrtice,Alekseev,Female,,Account Coordinator
575,Thayne,,Turmell,Male,,Software csultant
578,Elvira,,Kilgannon,Female,,Accountant IV
580,Doretta,,Hatrick,Female,,Developer III
589,Ashbey,,Mc Cahey,Male,,Associate Professor
601,Luke,,Tesdale,Male,,Engineer IV
603,Brant,Morrie,Collecott,Male,,Developer IV
608,Katharyn,,Chaston,Female,,Director of Sales
609,Tanner,,Caps,Male,,Media Manager I
610,Frank,,Winterbotham,Male,,Teacher
624,Tait,,Grzeszczak,Male,,Office Assistant I
630,Cooper,,Purtell,Male,,Research Assistant I
638,Trever,,Cowl,Male,,Quality Engineer
642,Tris,Rad,Devereux,Male,,Pharmacist
644,Wolfy,Derrick,Gabrieli,Male,,Software Test Engineer III
652,Reese,,Ferenc,Male,,Quality Engineer
657,Chaunce,Franny,Jukubczak,Male,,VP Sales
676,Hurley,Raul,Sidgwick,Male,,Compensation Analyst
678,Jayson,,Fierro,Male,,Operator
681,Inga,Ida,Dougary,Female,,Payment Adjustment Coordinator
686,Sauveur,,Ilson,Male,,Operator
694,Gerty,,Alps,Female,,Assistant Media Planner
705,Maurice,Clevey,Fairhead,Male,,Staff Scientist
709,Kylila,,Hans,Female,,Mechanical Systems Engineer
713,Devlen,Mychal,Sebborn,Male,,Senior Developer
715,Ariadne,,Luther,Female,,Product Engineer
720,Sonnnie,,Tofful,Female,,Human Resources Manager
721,Darill,Jabez,Bourgourd,Male,,Environmental Specialist
725,Petronia,,Driffill,Female,,Safety Technician II
726,Danny,,Mateev,Male,,Structural Analysis Engineer
730,Tremayne,,Devonside,Male,,VP Sales
736,Merry,Niel,Taffe,Male,,Human Resources Assistant III
753,Rosina,Waneta,Tivolier,Female,,Automation Specialist II
755,Ody,,Haryngton,Male,,Accountant II
757,Noel,,Frankling,Male,,Accounting Assistant II
758,Perry,Tallou,Ditzel,Female,,Programmer II
767,Aristotle,,Noone,Male,,Help Desk Technician
772,Enos,,Stapley,Male,,VP Marketing
775,Josephina,Alfie,Folca,Female,,Account Representative III
790,Lenard,,McDermott-Row,Male,,Recruiting Manager
798,Lynea,Katy,Prahl,Female,,VP Product Management
801,Eyde,Nadya,Savoury,Female,,Developer I
810,Winston,Lauritz,Plows,Male,,Registered Nurse
818,Doro,,Hobble,Female,,Assistant Manager
820,Emmott,,Matyas,Male,,General Manager
827,Alfonse,,Chestnut,Male,,Software Test Engineer II
833,Franni,,Baudinet,Female,,Information Systems Manager
837,Keith,Wye,Castano,Male,,Civil Engineer
840,Andrea,Joy,Collomosse,Female,,Assistant Media Planner
846,Maribelle,,Grellis,Female,,Speech Pathologist
852,Mychal,,Paute,Male,,Analyst Programmer
853,Broderick,,Bulgen,Male,,Senior Cost Accountant
863,Lizette,,Amber,Female,,Actuary
871,Laure,,Biss,Female,,Speech Pathologist
889,Della,,Lefever,Female,,Software Test Engineer II
899,Herta,,Maber,Female,,Business Systems Development Analyst
909,Feliks,,Slyme,Male,,VP Product Management
911,Sherman,Cleon,Guilleton,Male,,Geological Engineer
920,Arline,Jeanna,Wildbore,Female,,Occupational Therapist
921,Luke,Giles,Grigolli,Male,,Budget/Accounting Analyst II
925,Kayle,Odelia,Prigmore,Female,,Budget/Accounting Analyst II
928,Ase,Jackson,Lilion,Male,,Account Representative III
942,Shirlene,Lorna,Klausen,Female,,Statistician IV
946,Ciro,Dickie,Lackie,Male,,Systems Administrator I
947,Petronille,Suellen,Renton,Female,,Developer I
950,Maridel,Analiese,Aylmore,Female,,Physical Therapy Assistant
953,Donny,,Butchard,Male,,Biostatistician II
958,Margi,,Goulborn,Female,,Social Worker
962,Antonia,,Coppard,Female,,Operator
982,Evie,,Swatman,Female,,Human Resources Assistant I
985,Asa,,Haizelden,Male,,Speech Pathologist
991,Bernice,,Bruinsma,Female,,Professor
993,Veradis,Cherri,Bus,Female,,VP Product Management
994,Nikoletta,,Scapens,Female,,Safety Technician III
999,Daisy,,Mehew,Female,,Geologist II
